load,status,qd,pd
4,1.0,0.016,0.076
1,1.0,0.127,0.217
2,1.0,0.19,0.9420000000000001
6,1.0,0.166,0.295
11,1.0,0.05,0.149
5,1.0,0.075,0.11199999999999999
7,1.0,0.057999999999999996,0.09
8,1.0,0.018000000000000002,0.035
10,1.0,0.057999999999999996,0.135
9,1.0,0.016,0.061
3,1.0,-0.039,0.478
